x,rho_JaxFluids_WENO5-Z_f64,u_JaxFluids_WENO5-Z_f64,p_JaxFluids_WENO5-Z_f64,rho_Warp_WENO5-Z_f32,u_Warp_WENO5-Z_f32,p_Warp_WENO5-Z_f32
0.009765625,3.8571429999998563,2.629369000000026,10.33332999999965,3.8571432,2.629369,10.33333
0.029296875,3.8571429999998594,2.629369000000025,10.333329999999668,3.8571432,2.629369,10.33333
0.048828125,3.8571429999998585,2.6293690000000263,10.333329999999654,3.8571432,2.629369,10.33333
0.068359375,3.8571429999998617,2.6293690000000254,10.333329999999659,3.8571432,2.629369,10.33333
0.087890625,3.8571429999998608,2.629369000000025,10.333329999999657,3.8571432,2.629369,10.33333
0.107421875,3.857142999999856,2.629369000000027,10.333329999999638,3.8571432,2.629369,10.33333
0.126953125,3.857142999999858,2.6293690000000263,10.333329999999657,3.8571432,2.629369,10.33333
0.146484375,3.8571429999998514,2.6293690000000285,10.333329999999641,3.8571432,2.629369,10.33333
0.166015625,3.8571429999998506,2.6293690000000303,10.333329999999634,3.8571432,2.629369,10.33333
0.185546875,3.857142999999854,2.629369000000028,10.333329999999657,3.8571432,2.629369,10.33333
0.205078125,3.8571429999998537,2.6293690000000263,10.333329999999652,3.8571432,2.629369,10.33333
0.224609375,3.857142999999852,2.6293690000000263,10.333329999999652,3.8571432,2.629369,10.33333
0.244140625,3.8571429999998545,2.629369000000026,10.33332999999965,3.8571432,2.629369,10.33333
0.263671875,3.8571429999998523,2.629369000000029,10.333329999999641,3.8571432,2.629369,10.33333
0.283203125,3.8571429999998514,2.6293690000000303,10.333329999999638,3.8571432,2.629369,10.33333
0.302734375,3.8571429999998537,2.6293690000000303,10.333329999999634,3.8571432,2.629369,10.33333
0.322265625,3.8571429999998545,2.6293690000000276,10.333329999999641,3.8571432,2.629369,10.33333
0.341796875,3.857142999999859,2.629369000000025,10.333329999999666,3.8571432,2.629369,10.33333
0.361328125,3.8571429999998577,2.6293690000000245,10.333329999999664,3.8571432,2.629369,10.33333
0.380859375,3.8571429999998443,2.629369000000029,10.33332999999961,3.8571432,2.629369,10.33333
0.400390625,3.8571429999998386,2.6293690000000316,10.333329999999577,3.8571432,2.629369,10.33333
0.419921875,3.857142999999841,2.6293690000000285,10.33332999999959,3.8571432,2.629369,10.33333
0.439453125,3.8571429999998372,2.629369000000029,10.333329999999586,3.8571432,2.629369,10.33333
0.458984375,3.857142999999836,2.6293690000000316,10.33332999999958,3.8571432,2.629369,10.33333
0.478515625,3.8571429999998355,2.6293690000000307,10.333329999999577,3.8571432,2.629369,10.33333
0.498046875,3.857142999999839,2.629369000000027,10.333329999999588,3.8571432,2.629369,10.33333
0.517578125,3.85714299999984,2.629369000000026,10.333329999999606,3.8571432,2.629369,10.33333
0.537109375,3.857142999999843,2.6293690000000267,10.333329999999615,3.8571432,2.629369,10.33333
0.556640625,3.8571429999998394,2.6293690000000276,10.3333299999996,3.8571432,2.629369,10.33333
0.576171875,3.857142999999839,2.629369000000028,10.333329999999595,3.8571432,2.629369,10.33333
0.595703125,3.857142999999846,2.629369000000028,10.333329999999618,3.8571432,2.629369,10.33333
0.615234375,3.857142999999848,2.6293690000000276,10.333329999999629,3.8571432,2.629369,10.33333
0.634765625,3.8571429999998355,2.629369000000032,10.333329999999583,3.8571432,2.629369,10.33333
0.654296875,3.8571429999998332,2.6293690000000303,10.333329999999577,3.8571432,2.629369,10.33333
0.673828125,3.8571429999998355,2.6293690000000294,10.333329999999586,3.8571432,2.629369,10.33333
0.693359375,3.8571429999998363,2.6293690000000294,10.333329999999588,3.8571432,2.629369,10.33333
0.712890625,3.8571429999998355,2.629369000000031,10.333329999999588,3.8571432,2.629369,10.333331
0.732421875,3.857142999999832,2.629369000000034,10.333329999999561,3.8571439,2.629369,10.33333
0.751953125,3.8571429999998323,2.6293690000000307,10.33332999999956,3.8571439,2.6293693,10.333329
0.771484375,3.857142999999829,2.6293690000000316,10.33332999999956,3.857146,2.6293683,10.333333
0.791015625,3.8571429999998315,2.6293690000000316,10.333329999999567,3.857146,2.6293683,10.33333
0.810546875,3.857142999999835,2.6293690000000325,10.333329999999577,3.857146,2.6293685,10.333329
0.830078125,3.8571429999998372,2.629369000000031,10.33332999999958,3.8571475,2.6293683,10.333331
0.849609375,3.857142999999835,2.629369000000033,10.333329999999581,3.8571496,2.6293674,10.333338
0.869140625,3.8571429999998315,2.6293690000000334,10.333329999999572,3.8571517,2.6293662,10.333347
0.888671875,3.8571429999998283,2.629369000000034,10.333329999999563,3.8571534,2.6293652,10.333353
0.908203125,3.8571429999998217,2.6293690000000365,10.333329999999533,3.8571548,2.629365,10.333358
0.927734375,3.857142999999828,2.6293690000000356,10.333329999999542,3.8571556,2.6293643,10.333358
0.947265625,3.8571429999998297,2.629369000000036,10.333329999999547,3.8571556,2.6293643,10.333353
0.966796875,3.857142999999825,2.6293690000000374,10.33332999999953,3.8571563,2.629364,10.333358
0.986328125,3.857142999999824,2.6293690000000365,10.33332999999952,3.8571563,2.6293638,10.333361
1.005859375,3.8571429999998212,2.6293690000000387,10.333329999999506,3.8571575,2.6293633,10.333361
1.025390625,3.8571429999998266,2.6293690000000383,10.333329999999505,3.8571596,2.6293623,10.333367
1.044921875,3.8571429999998323,2.6293690000000334,10.33332999999954,3.8571613,2.6293616,10.333373
1.064453125,3.85714299999983,2.629369000000033,10.333329999999531,3.8571625,2.6293607,10.333378
1.083984375,3.8571429999998297,2.629369000000031,10.333329999999531,3.857164,2.62936,10.333379
1.103515625,3.8571429999998306,2.6293690000000325,10.333329999999538,3.857164,2.6293602,10.333378
1.123046875,3.857142999999832,2.6293690000000325,10.333329999999552,3.8571653,2.6293595,10.333384
1.142578125,3.8571429999998394,2.6293690000000294,10.333329999999583,3.8571668,2.6293585,10.33339
1.162109375,3.8571429999998457,2.6293690000000285,10.3333299999996,3.8571703,2.6293566,10.333406
1.181640625,3.8571429999998434,2.6293690000000285,10.333329999999597,3.8571703,2.6293569,10.333404
1.201171875,3.857142999999839,2.6293690000000325,10.33332999999958,3.8571703,2.6293569,10.333401
1.220703125,3.8571429999998372,2.629369000000034,10.333329999999567,3.8571696,2.629357,10.3334
1.240234375,3.85714299999983,2.6293690000000365,10.33332999999955,3.8571703,2.629357,10.3334
1.259765625,3.857142999999825,2.629369000000036,10.333329999999547,3.857171,2.6293569,10.333405
1.279296875,3.8571429999998257,2.6293690000000356,10.33332999999956,3.857171,2.6293569,10.333405
1.298828125,3.8571429999998297,2.629369000000032,10.333329999999574,3.8571732,2.6293557,10.333412
1.318359375,3.8571429999998346,2.6293690000000307,10.333329999999593,3.857176,2.6293542,10.333423
1.337890625,3.8571429999998417,2.6293690000000285,10.333329999999618,3.857177,2.6293535,10.333432
1.357421875,3.8571429999998394,2.629369000000032,10.333329999999606,3.8571782,2.6293533,10.333429
1.376953125,3.8571429999998346,2.629369000000033,10.333329999999592,3.8571792,2.6293523,10.333436
1.396484375,3.8571429999998332,2.629369000000035,10.333329999999577,3.8571782,2.6293526,10.333432
1.416015625,3.8571429999998297,2.6293690000000356,10.333329999999567,3.8571782,2.6293528,10.333434
1.435546875,3.8571429999998306,2.629369000000035,10.333329999999567,3.8571763,2.6293535,10.333429
1.455078125,3.8571429999998306,2.6293690000000365,10.333329999999556,3.857177,2.6293535,10.333427
1.474609375,3.8571429999998323,2.629369000000037,10.33332999999955,3.8571777,2.6293535,10.333432
1.494140625,3.857142999999831,2.629369000000036,10.333329999999536,3.8571773,2.6293538,10.33343
1.513671875,3.85714299999983,2.629369000000036,10.333329999999528,3.8571804,2.6293523,10.333441
1.533203125,3.85714299999983,2.629369000000033,10.33332999999954,3.857184,2.6293502,10.333455
1.552734375,3.8571429999998315,2.6293690000000325,10.333329999999545,3.857185,2.6293497,10.333458
1.572265625,3.857142999999833,2.6293690000000303,10.33332999999956,3.8571868,2.6293485,10.333468
1.591796875,3.8571429999998323,2.6293690000000303,10.33332999999956,3.857187,2.6293488,10.3334675
1.611328125,3.8571429999998323,2.629369000000032,10.333329999999563,3.857187,2.6293483,10.333466
1.630859375,3.8571429999998323,2.6293690000000303,10.333329999999568,3.857186,2.6293488,10.333465
1.650390625,3.8571429999998323,2.62936900000003,10.33332999999957,3.8571875,2.629348,10.3334675
1.669921875,3.8571429999998306,2.6293690000000307,10.333329999999565,3.8571882,2.6293473,10.333472
1.689453125,3.857142999999835,2.6293690000000285,10.333329999999581,3.8571897,2.6293468,10.333476
1.708984375,3.857142999999828,2.6293690000000307,10.333329999999561,3.8571904,2.6293466,10.333474
1.728515625,3.85714299999982,2.629369000000036,10.333329999999536,3.8571918,2.629346,10.333476
1.748046875,3.8571429999998292,2.629369000000034,10.333329999999565,3.8571918,2.6293464,10.333478
1.767578125,3.8571429999998355,2.6293690000000303,10.333329999999586,3.8571932,2.6293452,10.333486
1.787109375,3.8571429999998332,2.6293690000000316,10.333329999999577,3.8571954,2.6293447,10.333496
1.806640625,3.8571429999998323,2.6293690000000303,10.333329999999572,3.8571975,2.6293445,10.333503
1.826171875,3.857142999999829,2.6293690000000343,10.333329999999554,3.8571963,2.6293457,10.333495
1.845703125,3.8571429999998013,2.6293690000000485,10.33332999999945,3.8571947,2.6293468,10.33348
1.865234375,3.857142999999654,2.6293690000001204,10.333329999998899,3.857192,2.6293476,10.333464
1.884765625,3.8571429999989477,2.6293690000004726,10.333329999996268,3.8571925,2.6293454,10.333476
1.904296875,3.8571429999955487,2.6293690000021757,10.33332999998353,3.8571973,2.6293435,10.333495
1.923828125,3.8571429999794216,2.6293690000102767,10.33332999992303,3.8572044,2.6293404,10.333521
1.943359375,3.8571429999045335,2.629369000047878,10.333329999642158,3.8572097,2.6293397,10.333535
1.962890625,3.857142999565161,2.629369000218277,10.333329998369303,3.8572054,2.6293423,10.333521
1.982421875,3.8571429980649934,2.629369000971503,10.333329992742755,3.857197,2.6293468,10.333488
2.001953125,3.857142991603652,2.6293690042157065,10.333329968508735,3.857196,2.6293454,10.333491
2.021484375,3.857142964526542,2.6293690178109745,10.333329866952905,3.8572083,2.6293406,10.333529
2.041015625,3.857142854316724,2.629369073146735,10.333329453598195,3.857216,2.6293356,10.333562
2.060546875,3.857142419544522,2.6293692914434743,10.333327822934612,3.8572056,2.629345,10.3335085
2.080078125,3.8571407631626826,2.629370123104257,10.333321610483834,3.8571613,2.6293657,10.33333
2.099609375,3.8571347238921914,2.6293731553856547,10.333298959477819,3.8571146,2.6293907,10.333203
2.119140625,3.8571139507375722,2.6293835855410137,10.333221047572167,3.8571372,2.62938,10.3332
2.138671875,3.857046420621412,2.629417492134436,10.332967764783895,3.8571863,2.6293504,10.333551
2.158203125,3.8568298121538254,2.6295262552981034,10.332155364521887,3.8572507,2.6293309,10.333611
2.177734375,3.856093183499624,2.629896161773806,10.329392764959556,3.8566911,2.6295927,10.331443
2.197265625,3.8536078927883612,2.631144487851361,10.320072569067317,3.8541672,2.630865,10.322075
2.216796875,3.8477246662417675,2.6341025198697863,10.298021281571378,3.8481655,2.633887,10.299613
2.236328125,3.838073567384985,2.6389632039497166,10.261879512764784,3.838385,2.6388123,10.262985
2.255859375,3.8254967665451947,2.6453124328785766,10.214832407540456,3.8256786,2.6452262,10.215461
2.275390625,3.811462466112233,2.652415348452334,10.162412058594368,3.8115356,2.6523864,10.162629
2.294921875,3.796909785702411,2.659805403937294,10.108125174083806,3.796891,2.6598244,10.108009
2.314453125,3.781015887686462,2.667896230275623,10.048942161542856,3.7809474,2.6679397,10.048633
2.333984375,3.762954623419489,2.6771356913811477,9.981799507505455,3.7630277,2.6771083,9.982017
2.353515625,3.7457066829511847,2.6859748491020663,9.91778704003164,3.7460532,2.685798,9.919028
2.373046875,3.732999077399267,2.692524874382039,9.870750099068745,3.733028,2.6925259,9.870768
2.392578125,3.719150924788345,2.6996628569218766,9.8194484395768,3.7177157,2.700415,9.814124
2.412109375,3.695515954051845,2.711913678703713,9.732289572559433,3.6930087,2.7132342,9.722864
2.431640625,3.674104822908616,2.723062528585625,9.653421638756562,3.673085,2.7237082,9.649779
2.451171875,3.69768809510839,2.7106900905773044,9.737480434206644,3.7073119,2.7051916,9.775025
2.470703125,3.895286491219369,2.6096127759672023,10.475645993202702,3.9213817,2.603804,10.578227
2.490234375,4.055504534187516,2.531409990029181,11.08643245668918,4.0602384,2.5298035,11.104376
2.509765625,4.077869273777969,2.5206918895932553,11.172206613682706,4.063753,2.5106542,11.116994
2.529296875,4.077001211501912,2.5211876177141543,11.168874255415428,4.073021,2.5172095,11.1531315
2.548828125,4.0730461932928215,2.523108266467865,11.15371532356094,4.082277,2.5269957,11.189499
2.568359375,4.067545287969074,2.525697791808543,11.132647612107442,4.083269,2.5330627,11.193439
2.587890625,4.061143652642134,2.5287221577265178,11.108139370512323,4.069744,2.532673,11.141086
2.607421875,4.054013459785321,2.5321658094552273,11.080854233855186,4.0490456,2.5297053,11.061301
2.626953125,4.046213668394796,2.535983380042848,11.051030413033342,4.0317698,2.5290053,10.995219
2.646484375,4.0377852687718345,2.540093290104497,11.0188310980657,4.027002,2.5349097,10.977417
2.666015625,4.028785105632581,2.54443249025173,10.9844747815435,4.029777,2.5450153,10.988199
2.685546875,4.019316209058293,2.548979839254077,10.94835962244371,4.0311384,2.5547428,10.993538
2.705078125,4.0094975037580936,2.5537357721410014,10.910944136008455,4.0223007,2.5598893,10.95977
2.724609375,3.9993963470178553,2.558686629347536,10.87248848117117,4.0019155,2.5598116,10.881644
2.744140625,3.989006674448416,2.5637920039977837,10.832974178824086,3.9803545,2.5594354,10.799556
2.763671875,3.978327821819076,2.5690201711051444,10.792404431894992,3.9654682,2.5625663,10.743297
2.783203125,3.9673866714848414,2.5743566033244356,10.750885718279536,3.9619246,2.571605,10.73021
2.802734375,3.9562421833910815,2.5798055160026063,10.708643526435447,3.961265,2.5823488,10.727649
2.822265625,3.9449512176091774,2.585373399724534,10.665893379411553,3.9576387,2.591747,10.714137
2.841796875,3.933516893474798,2.5910437002798186,10.622647093946238,3.9426246,2.5956903,10.656435
2.861328125,3.9219233788864374,2.5967934085712407,10.578846364536238,3.9202135,2.5962121,10.5713
2.880859375,3.910175223697042,2.6026115156341962,10.534511919822979,3.8991163,2.5974758,10.492061
2.900390625,3.898295348927774,2.608496750763352,10.489734817190481,3.886792,2.6032748,10.446236
2.919921875,3.8863231319757823,2.6144553924336953,10.444667362908534,3.8834183,2.613674,10.434023
2.939453125,3.874284740470166,2.6204857364313447,10.399409787476191,3.8811705,2.624721,10.425757
2.958984375,3.862173255916069,2.6265680981925628,10.353935504250526,3.8733337,2.6329784,10.396259
2.978515625,3.849990529667364,2.6326864949974826,10.308249764735297,3.8550482,2.6360445,10.3269415
2.998046875,3.837753899578058,2.6388333861578253,10.262416234490642,3.8325863,2.637086,10.242393
3.017578125,3.825492471267729,2.6450089939151553,10.216543959394194,3.813379,2.6397653,10.170636
3.037109375,3.813235673242876,2.6512156173038104,10.170744751238834,3.8035078,2.6473045,10.134215
3.056640625,3.8009896202720816,2.6574447305852167,10.125044496617807,3.80036,2.6582813,10.122851
3.076171875,3.7887457974073433,2.6636808719386424,10.079414560443233,3.7966628,2.6689641,10.10935
3.095703125,3.77650879685987,2.6699155494562876,10.03387369498661,3.785735,2.6759446,10.068534
3.115234375,3.7642976949623166,2.6761453906592165,9.988491413218753,3.7661028,2.678388,9.99504
3.134765625,3.7521447593009936,2.682368815970268,9.9433831972972,3.744477,2.679722,9.914423
3.154296875,3.7400764124880617,2.688580171670545,9.898641691827715,3.7278197,2.6834693,9.852649
3.173828125,3.7280962134303235,2.694765666722518,9.854276010337333,3.7201772,2.6919372,9.824585
3.193359375,3.7162140527578487,2.7009076038404083,9.810323041406866,3.7173517,2.7029405,9.814394
3.212890625,3.7044723735406087,2.7069827028374074,9.766942559375366,3.712879,2.712866,9.798166
3.232421875,3.692920476950425,2.7129726149255045,9.724320513770476,3.7006183,2.7183979,9.7528715
3.251953125,3.681568312978585,2.7188820352545484,9.682496135422799,3.681279,2.7201731,9.681379
3.271484375,3.6704256134557327,2.7247058559747956,9.641502231740846,3.6610827,2.721647,9.606845
3.291015625,3.659603522498872,2.7303718027730257,9.601738149491656,3.647069,2.7258,9.555381
3.310546875,3.6492151803726802,2.735814752773385,9.563608383962373,3.6432023,2.73419,9.541362
3.330078125,3.639152544121324,2.741095416484457,9.526701923066058,3.6417432,2.743799,9.536066
3.349609375,3.6294387322878916,2.746204905873406,9.491099256367951,3.6379051,2.7525234,9.522321
3.369140625,3.620655149231943,2.7508501538356684,9.458935260790335,3.6265192,2.7560108,9.480643
3.388671875,3.612870446060201,2.7549809693909935,9.430432735729921,3.6110454,2.7552845,9.423796
3.408203125,3.6054050174424086,2.7589341394939306,9.403157203662545,3.5961075,2.7554102,9.3688755
3.427734375,3.6001529116503233,2.7617156222513994,9.383989413407967,3.5890641,2.7590408,9.343001
3.447265625,3.60328938459496,2.7600575929337254,9.395325142988176,3.5964856,2.7586677,9.370653
3.466796875,3.695951706279884,2.71067192591315,9.730590090814093,3.7121787,2.7017167,9.795044
3.486328125,3.944726412155755,2.5848127774778273,10.66630924315768,3.9840703,2.5912523,10.816946
3.505859375,4.063024702781565,2.527657174797403,11.117660029189425,4.0852876,2.540174,11.202952
3.525390625,4.075753237414591,2.5214586000803343,11.166255876698779,4.062528,2.5133483,11.116042
3.544921875,4.0791353884451995,2.519732492704907,11.1792055083069,4.049046,2.5046864,11.064197
3.564453125,4.079591409824445,2.519493738479915,11.180959111765645,4.0603094,2.5102258,11.107032
3.583984375,4.077808659086359,2.5204040326799997,11.174125640426274,4.083873,2.523318,11.196904
3.603515625,4.073943095988065,2.522321052901072,11.15929687143347,4.0992846,2.534453,11.255638
3.623046875,4.068385848103803,2.5250001460120357,11.137922468004533,4.090749,2.535738,11.22282
3.642578125,4.061594387873956,2.528236587102018,11.111732868157853,4.062007,2.528502,11.112819
3.662109375,4.053882098879249,2.531942220450097,11.082032243122852,4.03264,2.521749,11.00058
3.681640625,4.045390780972614,2.5360817905942317,11.04946041334117,4.021173,2.5243444,10.956805
3.701171875,4.03613241355112,2.5406069334311647,11.014073617853521,4.029339,2.5372856,10.987964
3.720703125,4.026118698376307,2.545467200930761,10.975868373273464,4.041209,2.5526721,11.033291
3.740234375,4.015432776154533,2.550625170822228,10.935117742108137,4.0396595,2.562112,11.027463
3.759765625,4.004226046501632,2.556057459233166,10.892354770371309,4.015808,2.5613225,10.936432
3.779296875,3.9926506307224936,2.5617408724020048,10.848092201284949,3.9833689,2.5567913,10.812706
3.798828125,3.9807430506938015,2.5676333457612848,10.802528805197932,3.9585912,2.5561714,10.718233
3.818359375,3.9684666312540737,2.573695440994093,10.755693702774419,3.9536908,2.5657876,10.699351
3.837890625,3.9558055600622986,2.579909195793374,10.707663669761708,3.9595003,2.5811832,10.721049
3.857421875,3.94281759134642,2.586270871550749,10.65859578639726,3.962323,2.595331,10.731732
3.876953125,3.929599865998686,2.592783325052804,10.608720015203206,3.948823,2.6018193,10.680875
3.896484375,3.9162101578938677,2.5994344366794655,10.55817732962693,3.9193113,2.6007395,10.569301
3.916015625,3.9026842651704876,2.6061942032741587,10.506974210299456,3.8891628,2.5993674,10.455475
3.935546875,3.889039561715176,2.6130427738677238,10.455169897372212,3.869975,2.60341,10.383173
3.955078125,3.875234965580384,2.619972045470157,10.402876423131406,3.867717,2.6162636,10.37446
3.974609375,3.8612464583706982,2.6269831109145705,10.350247210471391,3.868725,2.6310375,10.377945
3.994140625,3.8471338332050604,2.6340738884873627,10.297404113809721,3.8653324,2.64356,10.365637
4.013671875,3.832954815212357,2.6412269586545034,10.24436790120694,3.8452132,2.6478777,10.290011
4.033203125,3.8187347810754804,2.648422037994411,10.19116455854374,3.815743,2.6476119,10.179408
4.052734375,3.8045200073212184,2.6556452679694758,10.137894483353607,3.7884855,2.6483028,10.077647
4.072265625,3.790336910831894,2.6628883348341956,10.084714754904178,3.7737648,2.655321,10.022826
4.091796875,3.7761778428327375,2.670143353249324,10.031786074206531,3.7716675,2.6688504,10.014963
4.111328125,3.762023971000841,2.6773940265431504,9.97919993631978,3.7708015,2.6830986,10.011643
4.130859375,3.747905358421378,2.6846181644142195,9.927001930336377,3.7637594,2.6939735,9.985817
4.150390625,3.73389372628937,2.691797524195574,9.875278313332085,3.741646,2.6970983,9.903389
4.169921875,3.7200637281015116,2.698918179097407,9.82417408898382,3.7137883,2.697192,9.800015
4.189453125,3.7065048390634794,2.7059665302033418,9.77387085212711,3.689757,2.6988215,9.711276
4.208984375,3.6932608992179157,2.7129184872280407,9.724547830644855,3.6784885,2.7069314,9.669789
4.228515625,3.6803074596559466,2.7197321996721553,9.6763943110313,3.6774704,2.7200096,9.666086
4.248046875,3.667633358181808,2.7263652200910213,9.629633441199426,3.676583,2.7328372,9.662941
4.267578125,3.655301756257195,2.7327847558765748,9.584506200685329,3.6685421,2.7416248,9.633987
4.287109375,3.6435031216252356,2.738934063405491,9.541509570569243,3.6476824,2.7431493,9.557159
4.306640625,3.6324926612031856,2.744715699859862,9.501372934422864,3.6240773,2.7421966,9.470508
4.326171875,3.6223563862323003,2.750075911569,9.464261983845278,3.6066225,2.7431886,9.406484
4.345703125,3.6131294140983474,2.7549821717682237,9.430301431884038,3.6008933,2.7502234,9.385455
4.365234375,3.6053908085224373,2.7591032651937875,9.401749828478813,3.6039054,2.760654,9.39649
4.384765625,3.6001103440892765,2.7619112165608017,9.382345530350703,3.6100562,2.768822,9.418925
4.404296875,3.5975909716986716,2.76325523034391,9.373194253490883,3.609766,2.770408,9.417895
4.423828125,3.598124864873655,2.762984990480934,9.375291406116483,3.600388,2.765814,9.383491
4.443359375,3.605390686047305,2.7591325971990983,9.40176220919872,3.5980425,2.757775,9.375094
4.462890625,3.664514899348161,2.7278132611880324,9.617007611372602,3.650124,2.7217736,9.564731
4.482421875,3.831637756792303,2.6425145788885467,10.23853474414612,3.8308134,2.6309538,10.236383
4.501953125,3.9719375836841992,2.5719918321540263,10.767850074777632,3.9767962,2.5615256,10.786178
4.521484375,4.028904591443566,2.544170233833731,10.983497543538403,4.05298,2.5531223,11.075833
4.541015625,4.050379502401424,2.533891323413171,11.06510563842887,4.0720563,2.543782,11.148722
4.560546875,4.063892019614158,2.5275908242288834,11.11694272241228,4.0687804,2.52919,11.136314
4.580078125,4.072940413404493,2.523476125927038,11.152072685165015,4.060278,2.5165873,11.103801
4.599609375,4.077671182039731,2.521297784657094,11.170763135773608,4.0589194,2.5115826,11.098365
4.619140625,4.0789671848576,2.5205290351368936,11.175979744802323,4.070217,2.5158424,11.141588
4.638671875,4.077764680738366,2.5208497508952434,11.171009489586174,4.084577,2.5240839,11.196636
4.658203125,4.074464834319451,2.5222859606166863,11.157650515374378,4.090018,2.5300725,11.217335
4.677734375,4.06922880783918,2.524864372831053,11.137144543260828,4.0805373,2.5306356,11.18099
4.697265625,4.062284696186108,2.5284113503508823,11.110698352541256,4.0627856,2.528741,11.113014
4.716796875,4.053985195387782,2.5326275383706447,11.079395746936259,4.045622,2.5282032,11.0470295
4.736328125,4.044595981576312,2.5372532037911983,11.043825004861459,4.0347786,2.5318234,11.005453
4.755859375,4.03421695954542,2.542175939887293,11.004082053292821,4.0297656,2.539331,10.98658
4.775390625,4.022871176035757,2.547450018551163,10.960389420616643,4.025716,2.5482337,10.971336
4.794921875,4.010629421243272,2.5531985159706725,10.913414613698535,4.0180783,2.55622,10.942171
4.814453125,3.9976513326558156,2.559489317498515,10.864042890043924,4.004556,2.5621228,10.89049
4.833984375,3.9841289508131426,2.566269957822455,10.812864248566509,3.9869595,2.5667496,10.823471
4.853515625,3.970124955947611,2.5733886014017835,10.75986188565891,3.9688184,2.5717463,10.754557
4.873046875,3.9555897468301793,2.580690931808315,10.704720035357557,3.9525733,2.57825,10.692968
4.892578125,3.940454267353956,2.5880926512485827,10.647251229485176,3.9384358,2.5863137,10.639467
4.912109375,3.924773159055133,2.5956206843334635,10.587849251265592,3.9250133,2.595197,10.588753
4.931640625,3.908729612752536,2.603365482954794,10.527329992525566,3.9106812,2.6040359,10.534665
4.951171875,3.892538216760767,2.61139691589893,10.466421505752567,3.894633,2.6123755,10.474173
4.970703125,3.876262658326947,2.619692959627961,10.405257173378654,3.877152,2.6202943,10.408396
4.990234375,3.859802717829659,2.628150158474984,10.343436905612714,3.859143,2.6281853,10.340758
5.009765625,3.8430521353803426,2.636662557689401,10.280589095863572,3.841425,2.6364045,10.2743635
5.029296875,3.8259987847641947,2.6451737366600168,10.216731546341489,3.8242908,2.6450653,10.210283
5.048828125,3.808795828083966,2.653708490828231,10.152480543005826,3.8075469,2.6540205,10.147753
5.068359375,3.791661146130329,2.662320363838834,10.088630610379267,3.7907958,2.6630325,10.085284
5.087890625,3.7747203952726553,2.6710196809846702,10.02560397289388,3.7737832,2.6719265,10.021942
5.107421875,3.75791713648834,2.6797326194582793,9.963171573817618,3.7565417,2.680655,9.957891
5.126953125,3.741201468038941,2.6883884516325174,9.901158027931974,3.7393167,2.6892617,9.894064
5.146484375,3.7245875749413506,2.6969342842025896,9.83963831042412,3.7224019,2.6977935,9.831535
5.166015625,3.708181196278132,2.7053369843076864,9.779012855263051,3.7059846,2.7062552,9.770925
5.185546875,3.692171905975846,2.7135820083137023,9.719969950192445,3.6901202,2.714595,9.712341
5.205078125,3.676736138376545,2.721638322036786,9.663133407369047,3.674784,2.7227235,9.655709
5.224609375,3.6619591949574297,2.729425083207466,9.608802892367711,3.6599667,2.7305503,9.601109
5.244140625,3.6479214400388353,2.7368359474874846,9.557272878303763,3.645752,2.7379844,9.54903
5.263671875,3.6347909053172276,2.743755077333665,9.509128959035635,3.6324108,2.7449083,9.50048
5.283203125,3.62281161568167,2.7500456869328347,9.465290515505927,3.620373,2.7511559,9.45687
5.302734375,3.6123377015413674,2.7555360670322324,9.427015844823115,3.6100848,2.7565835,9.419318
5.322265625,3.6038305587680557,2.7600096535628458,9.39593664799797,3.6017766,2.7611072,9.3882885
5.341796875,3.597885780667891,2.7631487053504618,9.374247776045841,3.5958588,2.7644227,9.365679
5.361328125,3.595437174270121,2.7644530493858057,9.36532194142055,3.593788,2.765625,9.357506
5.380859375,3.5978132857853344,2.763209707463053,9.373989611280846,3.596932,2.763831,9.36984
5.400390625,3.606957125527448,2.7583797882095658,9.407356832698392,3.6049519,2.7592494,9.401218
5.419921875,3.6268990958965435,2.747853667656323,9.48022536283018,3.62012,2.7509763,9.458443
5.439453125,3.6653247308689845,2.7276783738598853,9.621120359211266,3.654928,2.7326407,9.586158
5.458984375,3.7269884607770436,2.6956383725657203,9.848525975854548,3.7237449,2.6972907,9.836557
5.478515625,3.803301392854492,2.6565888834340154,10.132193062584811,3.812722,2.6526284,10.161349
5.498046875,3.8767280949356766,2.6196111864756926,10.406957853471454,3.8917582,2.61353,10.452874
5.517578125,3.935337993509566,2.5903148657179313,10.627908200428527,3.9477177,2.5856805,10.664676
5.537109375,3.9784642264051446,2.5690700271401297,10.791663284141574,3.984925,2.56623,10.814781
5.556640625,4.010170190876786,2.553690905849866,10.912408404607941,4.0097423,2.5517955,10.927249
5.576171875,4.033828687748413,2.5422036988076755,11.002855084447486,4.0278316,2.5409307,11.012415
5.595703125,4.051207904242152,2.5336430698349264,11.070041869584667,4.046319,2.53299,11.074904
5.615234375,4.062870853614465,2.5276389013150693,11.117340314883103,4.0679564,2.5274215,11.118845
5.634765625,4.068307351859612,2.5238716351767994,11.147372034797382,4.085508,2.5237713,11.147715
5.654296875,4.063146443263782,2.521880170169031,11.16328995533963,4.086433,2.521709,11.164046
5.673828125,4.0284169172159245,2.521217627601472,11.168584626892802,4.049637,2.521012,11.169565
5.693359375,3.949581843764935,2.521584181015125,11.165608557911483,3.9652424,2.5215216,11.1656
5.712890625,3.845826107161133,2.5228882206673333,11.155196706873687,3.8549283,2.523094,11.153484
5.732421875,3.755452394986839,2.5251713781279834,11.137203047836495,3.7583458,2.525585,11.134517
5.751953125,3.717688793289509,2.528454884915299,11.111473978051302,3.718558,2.5288653,11.109603
5.771484375,3.7664328312976814,2.5326198735321928,11.078468357318691,3.7758534,2.5328448,11.078867
5.791015625,3.9087196872268217,2.5374558847605946,11.038951178694619,3.9392526,2.5374758,11.041607
5.810546875,4.114136240403631,2.542803262073552,10.993147633339692,4.1691837,2.5427408,10.996776
5.830078125,4.331782123626437,2.5486540849945154,10.940364164380798,4.402072,2.5486288,10.943614
5.849609375,4.508944742631992,2.5551051335978747,10.87963260460086,4.5772605,2.5551348,10.882102
5.869140625,4.606202012081297,2.5622166518275558,10.811027731490759,4.655616,2.5622473,10.813179
5.888671875,4.603804908102219,2.5699399053158727,10.736322222503542,4.623876,2.5699544,10.738568
5.908203125,4.502091397823615,2.5781775241828746,10.658314792661692,4.4910297,2.5782323,10.660499
5.927734375,4.317747789574401,2.58687146950203,10.579693238715175,4.279618,2.587038,10.581423
5.947265625,4.07795383894118,2.5960145436397384,10.502457100609696,4.0191803,2.5963268,10.503597
5.966796875,3.8162174416501577,2.605609579448963,10.4279271140846,3.743656,2.6060662,10.4286585
5.986328125,3.56829314765198,2.615641618981154,10.356840119172697,3.4894779,2.6162336,10.357447
6.005859375,3.367263890884089,2.626075816494895,10.289315212795804,3.291866,2.626807,10.2899065
6.025390625,3.2388783609864222,2.6368674860475743,10.224815974909506,3.1791406,2.6377459,10.225261
6.044921875,3.1978063632968015,2.6479718238197405,10.16224457159814,3.1660404,2.6490035,10.162179
6.064453125,3.2449615366179234,2.6593425003527305,10.100206270564563,3.248621,2.6605337,10.099119
6.083984375,3.367623178870004,2.6709219352094156,10.037359074893988,3.4058654,2.6722836,10.034732
6.103515625,3.5431645440021184,2.682633200454802,9.972738367164574,3.6070032,2.684175,9.968257
6.123046875,3.7433431903442598,2.694375077101595,9.90599438726326,3.8183608,2.6960866,9.899709
6.142578125,3.938782623035857,2.70601662549636,9.837479141495502,4.009675,2.7078779,9.829663
6.162109375,4.103133480001143,2.717391338752977,9.768188709673266,4.158174,2.719395,9.759039
6.181640625,4.215908310345786,2.7283075116784423,9.699580584055857,4.249463,2.7304273,9.689322
6.201171875,4.263685357221968,2.7385656418611113,9.633350327257736,4.276149,2.7407184,9.622504
6.220703125,4.240655249345249,2.74792813228389,9.571529818859002,4.236271,2.7499921,9.560796
6.240234375,4.1489995782676745,2.7560753158174953,9.516705662556882,4.132561,2.7579668,9.506438
6.259765625,3.9985021749760348,2.7626510429562425,9.47157310684846,3.9727838,2.764336,9.461797
6.279296875,3.8055934376361313,2.7673377936869183,9.43827253895191,3.7705646,2.7687893,9.429043
6.298828125,3.5923235700792637,2.7698528772020383,9.418388752419093,3.546144,2.7710745,9.409584
6.318359375,3.3845306765583563,2.7699087497039345,9.413237254840418,3.3263474,2.770925,9.404582
6.337890625,3.208860576127523,2.767174453064761,9.424267204236457,3.1422248,2.7679422,9.415854
6.357421875,3.089124587870904,2.761317799735863,9.453053051080106,3.0234756,2.7618792,9.444359
6.376953125,3.0428816294167036,2.7521621508674814,9.500753589028873,2.9916646,2.7530057,9.488586
6.396484375,3.079023556064907,2.7396584882878843,9.56875648995404,3.054958,2.7415812,9.548232
6.416015625,3.1963942708302233,2.7238324750451137,9.65907909967714,3.2066302,2.7269037,9.630147
6.435546875,3.383891874477232,2.705049834199127,9.772383331433875,3.428375,2.7077038,9.746246
6.455078125,3.621844293427803,2.6841093553215734,9.906762975812901,3.6931467,2.6842144,9.899444
6.474609375,3.8839567288085517,2.661921171683303,10.057702632580433,3.9673321,2.6590788,10.074179
6.494140625,4.139867834162642,2.639673344053575,10.218103111213786,4.217115,2.6352918,10.248267
6.513671875,4.3583943010710895,2.6186014467145466,10.378074867007806,4.416065,2.61406,10.410094
6.533203125,4.51230598182085,2.599250378468655,10.528653846968247,4.546089,2.5952053,10.558194
6.552734375,4.582838981025287,2.5820172933207024,10.667649595728102,4.594175,2.578539,10.691635
6.572265625,4.5589140796549605,2.5670334229923117,10.790160050245625,4.552301,2.5641348,10.807811
6.591796875,4.441462092445421,2.5545185945646756,10.89175157010509,4.4210773,2.552016,10.905127
6.611328125,4.246928335590666,2.5442966841279597,10.972888714947254,4.21382,2.5420654,10.983783
6.630859375,4.00668231432804,2.5358755570707365,11.037545056406257,3.9590309,2.5340762,11.04531
6.650390625,3.7624419998147736,2.5290102208254157,11.088247768231927,3.699351,2.5278218,11.091875
6.669921875,3.5586175109111498,2.52381167099555,11.125019826387975,3.4850385,2.5231254,11.125625
6.689453125,3.433479988258358,2.520334001079746,11.14851555029913,3.3636925,2.5198452,11.148554
6.708984375,3.4113594529166362,2.5183133455470825,11.161403116203223,3.367927,2.5178373,11.162459
6.728515625,3.4966880918105963,2.517469061465694,11.165947238251993,3.4999986,2.5170088,11.1682205
6.748046875,3.6730708588958962,2.5177115012220725,11.162507607792508,3.7271268,2.5173466,11.16549
6.767578125,3.9089335626663773,2.518988443615032,11.150834536183835,3.9965312,2.5188715,11.153224
6.787109375,4.164145510389519,2.5212765624084508,11.13038275163922,4.2559967,2.5215676,11.130591
6.806640625,4.396982865581011,2.524754153422779,11.099161413342593,4.468962,2.5254045,11.097173
6.826171875,4.571703718603012,2.5296841340473453,11.054753494511099,4.615605,2.5303636,11.052943
6.845703125,4.663956627978785,2.5360842115305053,10.997156469229193,4.684118,2.5364473,10.998262
6.865234375,4.662555268612261,2.543541145574146,10.930762091746521,4.6651287,2.5436318,10.934318
6.884765625,4.567608250955264,2.5517149820735,10.859917233998901,4.5550013,2.5518963,10.862788
6.904296875,4.388839197694705,2.5608900016956184,10.783842609290245,4.3623567,2.56123,10.785627
6.923828125,4.147543283471967,2.571309410789411,10.70218132362644,4.109402,2.5715728,10.7052145
6.943359375,3.8767307087418383,2.582614447465222,10.619275145874404,3.8280466,2.5828593,10.623545
6.962890625,3.6154572065380304,2.5945028592943977,10.538280800654855,3.5558808,2.5949855,10.542215
6.982421875,3.401324491041125,2.607001752200615,10.458897512019789,3.3329844,2.6077719,10.462449
7.001953125,3.2640071245615947,2.6200737296016423,10.380317094440347,3.1967585,2.6211164,10.383745
7.021484375,3.2198549834858623,2.6336901711753478,10.300925357694487,3.1724718,2.6349356,10.304321
7.041015625,3.2690104062002154,2.647661383631325,10.21987527799592,3.261182,2.6491337,10.222278
7.060546875,3.3958812993009975,2.661898712104754,10.135644821575447,3.4362435,2.6636455,10.1357565
7.080078125,3.5744422075824804,2.6763149436352056,10.047068473801879,3.654227,2.6782722,10.043865
7.099609375,3.774008785787804,2.6906174926162763,9.955271586517842,3.8689337,2.692745,9.94797
7.119140625,3.9638044464920723,2.7047168102331542,9.860629985415736,4.0452223,2.7069485,9.850498
7.138671875,4.118064944806524,2.7182305549715995,9.766039783810733,4.166588,2.7206109,9.753318
7.158203125,4.217933510992958,2.730985324296959,9.67367279028578,4.2329855,2.733176,9.659753
7.177734375,4.253280794627424,2.7423942679336744,9.58947207065679,4.2495184,2.744365,9.575878
7.197265625,4.22130787909179,2.752049803160768,9.517050758507244,4.214258,2.7540386,9.504943
7.216796875,4.125865611707872,2.759624265417854,9.45904362568835,4.1187434,2.7613869,9.447428
7.236328125,3.9773496819455207,2.7647407014739063,9.419015664337497,3.960473,2.7658558,9.406917
7.255859375,3.7895550477511226,2.7674998870223146,9.396693419122712,3.7532265,2.7680423,9.388049
7.275390625,3.5837236190268893,2.767164595909662,9.39525167081232,3.525761,2.7681746,9.388023
7.294921875,3.3775033726624315,2.764549111226848,9.40721045122155,3.312784,2.7649457,9.399337
7.314453125,3.1969022874588484,2.7588917217553335,9.438467026759184,3.145739,2.7590523,9.4261465
7.333984375,3.075384776011102,2.7519164537265564,9.477772055831847,3.0405211,2.7532175,9.47589
7.353515625,3.0413013990443094,2.7419266173251735,9.526787187821647,2.9829395,2.7429414,9.513598
7.373046875,3.0663210228594355,2.7223915320793353,9.53212078048737,2.9262052,2.702437,9.384117
7.392578125,2.7938628193190937,2.4829415894358933,8.201029930848124,2.3138156,2.1306207,6.4060655
7.412109375,1.470788974855313,1.0865517812690417,2.8719813854193,1.1259627,0.49117056,1.6637678
7.431640625,0.9202897867390356,0.035836173005975434,1.0405473971800108,0.90274036,0.008316772,1.0092312
7.451171875,0.9148518293392329,0.0008562794430315847,1.000972335043542,0.91442686,0.00027286034,1.0003135
7.470703125,0.9322675084146922,2.519958210636029e-05,1.0000289094893267,0.9322382,-1.3655933e-05,0.99998426
7.490234375,0.9509190986531214,7.545485496597289e-07,1.0000008744587907,0.9509198,1.3426574e-06,1.0000018
7.509765625,0.9700562858200712,2.1876125594815722e-08,1.0000000256078718,0.9700582,2.3104012e-06,1.0000027
7.529296875,0.9894793648825029,6.222972217437797e-10,1.0000000007356913,0.9894794,-1.7028775e-07,0.9999998
7.548828125,1.0090027133758832,1.7543421801774883e-11,1.000000000020941,1.0090027,-5.0026202e-08,1.0
7.568359375,1.0284402740002352,4.901184726757662e-13,1.0000000000005886,1.0284402,1.8428382e-08,1.0
7.587890625,1.0476068225338364,1.390154022238891e-14,1.000000000000015,1.0476068,0.0,1.0
7.607421875,1.0663197177317416,1.05685312224572e-15,0.9999999999999998,1.0663197,0.0,1.0
7.626953125,1.084400641300443,1.3097614715799107e-18,0.9999999999999987,1.0844007,0.0,1.0
7.646484375,1.1016772971096664,-3.3414021499592914e-16,0.9999999999999988,1.1016773,0.0,1.0
7.666015625,1.117985053030497,-6.659140041730814e-16,0.9999999999999983,1.117985,0.0,1.0
7.685546875,1.1331685097423319,-1.4059922972642601e-15,0.9999999999999988,1.1331685,0.0,1.0
7.705078125,1.1470829815588703,-1.80070578075058e-15,0.9999999999999987,1.1470829,0.0,1.0
7.724609375,1.1595958751621018,-1.871080011388454e-15,0.9999999999999988,1.1595958,0.0,1.0
7.744140625,1.1705879531061048,-1.5156635989276353e-15,0.9999999999999984,1.1705879,0.0,1.0
7.763671875,1.1799544700505131,-9.905753002182087e-16,0.9999999999999984,1.1799545,0.0,1.0
7.783203125,1.1876061708963035,-4.4307617224262535e-16,0.9999999999999987,1.1876062,0.0,1.0
7.802734375,1.1934701413124866,-7.512643007405731e-16,0.9999999999999987,1.1934701,0.0,1.0
7.822265625,1.1974905025489058,-8.555058456443782e-16,0.9999999999999987,1.1974905,0.0,1.0
7.841796875,1.1996289439141479,-9.413003773136295e-16,0.9999999999999984,1.199629,0.0,1.0
7.861328125,1.1998650878445005,-3.7616598831028966e-16,0.9999999999999987,1.1998651,0.0,1.0
7.880859375,1.198196684085143,3.885504128603883e-16,1.0,1.1981966,0.0,1.0
7.900390625,1.1946396311332066,6.10926536703973e-16,1.0,1.1946397,0.0,1.0
7.919921875,1.1892278247383423,2.9393458385855617e-16,1.0000000000000002,1.1892278,0.0,1.0
7.939453125,1.182012834904485,-9.203524742652284e-17,1.0000000000000002,1.1820128,0.0,1.0
7.958984375,1.1730634144706995,-4.892038584314967e-16,1.0,1.1730634,0.0,1.0
7.978515625,1.1624648439539356,-5.016757878112001e-16,1.0,1.1624649,0.0,1.0
7.998046875,1.150318118896784,-5.46600092529423e-16,1.0,1.1503181,0.0,1.0
8.017578125,1.1367389874641423,-5.57470571988388e-16,1.0,1.136739,0.0,1.0
8.037109375,1.1218568474596855,-3.0111773830578386e-16,1.0,1.1218568,0.0,1.0
8.056640625,1.105813513272655,-1.582003397723735e-16,1.0,1.1058135,0.0,1.0
8.076171875,1.08876186450494,-6.831410499977744e-17,1.0,1.0887618,0.0,1.0
8.095703125,1.0708643891559027,1.531188495382497e-16,1.0000000000000002,1.0708644,0.0,1.0
8.115234375,1.0522916352471872,4.8575742784693e-16,1.0,1.0522916,0.0,1.0
8.134765625,1.0332205856422343,3.0293358214165034e-16,1.0,1.0332205,0.0,1.0
8.154296875,1.0138329715471137,6.992164469793362e-16,1.0,1.0138329,0.0,1.0
8.173828125,0.9943135407636143,8.570301835844797e-16,0.9999999999999999,0.99431354,0.0,1.0
8.193359375,0.9748482971966935,2.1682293597050452e-16,1.0,0.97484833,0.0,1.0
8.212890625,0.9556227283923006,-2.25521913472958e-16,0.9999999999999999,0.9556228,0.0,1.0
8.232421875,0.9368200379956725,-2.98227746480791e-16,1.0,0.93682003,0.0,1.0
8.251953125,0.9186193999733185,3.2594733166004515e-16,0.9999999999999999,0.9186194,0.0,1.0
8.271484375,0.9011942512344631,4.357562297999283e-16,1.0,0.90119433,0.0,1.0
8.291015625,0.8847106389218529,3.3298853900894027e-16,0.9999999999999999,0.8847106,0.0,1.0
8.310546875,0.8693256381209264,-8.075956652679502e-17,1.0,0.86932564,0.0,1.0
8.330078125,0.8551858550651572,-1.7551608053099241e-16,1.0000000000000002,0.85518587,0.0,1.0
8.349609375,0.8424260301008536,3.7080399599393684e-16,1.0,0.84242606,0.0,1.0
8.369140625,0.831167753723981,-5.874795646083499e-17,0.9999999999999999,0.83116776,0.0,1.0
8.388671875,0.8215183079240822,-1.568614755270815e-16,1.0,0.8215183,0.0,1.0
8.408203125,0.8135696438763366,1.1058477208617118e-16,0.9999999999999999,0.81356966,0.0,1.0
8.427734375,0.8073975057235123,2.9417421564920204e-16,1.0000000000000002,0.8073975,0.0,1.0
8.447265625,0.8030607087974283,3.8079266842001227e-16,0.9999999999999998,0.8030607,0.0,1.0
8.466796875,0.8006005791578531,2.338256381967276e-16,1.0,0.8006006,0.0,1.0
8.486328125,0.8000405597896088,5.796265496957167e-16,0.9999999999999999,0.80004054,0.0,1.0
8.505859375,0.8013859872104732,2.4730450494723755e-16,0.9999999999999999,0.801386,0.0,1.0
8.525390625,0.8046240406186067,5.349160656891102e-16,1.0,0.8046241,0.0,1.0
8.544921875,0.8097238640641072,6.849149322899878e-16,1.0,0.80972385,0.0,1.0
8.564453125,0.8166368604804956,1.6168654171724462e-18,1.0000000000000002,0.81663686,0.0,1.0
8.583984375,0.8252971547742443,-5.440056977593945e-16,1.0,0.8252972,0.0,1.0
8.603515625,0.8356222215595219,-8.1322139041593e-16,1.0,0.83562225,0.0,1.0
8.623046875,0.8475136715563157,-2.600476726207076e-16,1.0000000000000002,0.8475137,0.0,1.0
8.642578125,0.8608581891582766,-3.124268357899329e-16,0.9999999999999999,0.8608582,0.0,1.0
8.662109375,0.8755286122359657,-7.434216972289523e-16,1.0000000000000002,0.87552863,0.0,1.0
8.681640625,0.8913851438859801,-1.1849339850255133e-15,0.9999999999999999,0.89138514,0.0,1.0
8.701171875,0.9082766845788997,-1.1952823657279525e-15,1.0,0.9082767,0.0,1.0
8.720703125,0.9260422720118549,-6.605200118120407e-16,1.0,0.9260423,0.0,1.0
8.740234375,0.9445126149451104,-4.601548714596535e-16,1.0000000000000002,0.9445126,0.0,1.0
8.759765625,0.9635117064064548,-9.600775766266654e-16,1.0,0.9635117,0.0,1.0
8.779296875,0.9828585008909461,-1.2457931444475663e-15,1.0000000000000002,0.9828585,0.0,1.0
8.798828125,1.0023686395736586,-7.287053288619157e-16,1.0,1.0023687,0.0,1.0
8.818359375,1.0218562070956119,-3.6731288370723045e-16,1.0000000000000002,1.0218562,0.0,1.0
8.837890625,1.041135503182175,3.2217728588956796e-16,1.0000000000000002,1.0411355,0.0,1.0
8.857421875,1.060022812211891,4.718453156867641e-16,1.0000000000000002,1.0600228,0.0,1.0
8.876953125,1.0783381538732146,3.3537564781945976e-16,1.0,1.0783381,0.0,1.0
8.896484375,1.095906998226857,8.318780651163933e-16,1.0000000000000002,1.095907,0.0,1.0
8.916015625,1.11256192883063,1.0512140682085839e-15,1.0,1.112562,0.0,1.0
8.935546875,1.12814423807859,1.0598093949850318e-17,1.0000000000000002,1.1281443,0.0,1.0
8.955078125,1.1425054395522296,-7.741338543628059e-17,1.0000000000000002,1.1425054,0.0,1.0
8.974609375,1.1555086829722776,2.5298427559923683e-16,1.0,1.1555086,0.0,1.0
8.994140625,1.1670300582677884,-1.7999302308744913e-16,1.0,1.1670301,0.0,1.0
9.013671875,1.176959776335833,-6.09901871978433e-17,1.0000000000000002,1.1769598,0.0,1.0
9.033203125,1.1852032152401344,3.815257070456163e-16,1.0,1.1852032,0.0,1.0
9.052734375,1.1916818218792495,1.449494927266125e-16,1.0,1.1916819,0.0,1.0
9.072265625,1.1963338605321465,-3.1222601475014253e-16,1.0,1.1963339,0.0,1.0
9.091796875,1.1991150011481684,-9.032647690214346e-16,1.0,1.199115,0.0,1.0
9.111328125,1.1999987417754627,-1.3517037353655023e-15,1.0,1.1999987,0.0,1.0
9.130859375,1.1989766611024928,-1.3138739679072073e-15,0.9999999999999999,1.1989766,0.0,1.0
9.150390625,1.1960584987061176,-5.358905618226882e-16,1.0,1.1960585,0.0,1.0
9.169921875,1.1912720622415416,-2.904253906831284e-16,0.9999999999999999,1.191272,0.0,1.0
9.189453125,1.1846629624585399,-5.720332637382921e-16,1.0,1.1846629,0.0,1.0
9.208984375,1.1762941785690324,-2.437947118809528e-16,0.9999999999999998,1.1762942,0.0,1.0
9.228515625,1.1662454581076918,2.6977165462157893e-16,1.0000000000000002,1.1662455,0.0,1.0
9.248046875,1.1546125570044068,4.844053066601396e-16,1.0,1.1546125,0.0,1.0
9.267578125,1.1415063271100934,8.644446743055466e-16,1.0000000000000002,1.1415063,0.0,1.0
9.287109375,1.127051659870952,9.71925794331672e-16,0.9999999999999999,1.1270517,0.0,1.0
9.306640625,1.1113862962170913,7.409614987479158e-16,1.0,1.1113863,0.0,1.0
9.326171875,1.0946595140062763,1.0520372629060225e-15,1.0000000000000002,1.0946596,0.0,1.0
9.345703125,1.0770307055303738,1.129124599544656e-15,1.0,1.0770307,0.0,1.0
9.365234375,1.0586678586396754,9.140765421577772e-16,1.0,1.0586679,0.0,1.0
9.384765625,1.0397459559587061,7.064818501758684e-16,1.0,1.0397459,0.0,1.0
9.404296875,1.0204453074476734,6.918006533462108e-16,1.0000000000000002,1.0204453,0.0,1.0
9.423828125,1.0009498321988404,1.1123123787448918e-15,1.0000000000000002,1.0009499,0.0,1.0
9.443359375,0.9814453058408801,1.1688271377386147e-15,1.0000000000000002,0.9814453,0.0,1.0
9.462890625,0.9621175902520086,6.02080874452811e-16,1.0,0.9621177,0.0,1.0
9.482421875,0.9431508624511642,3.629534699393771e-16,1.0000000000000002,0.9431509,0.0,1.0
9.501953125,0.9247258595445921,7.128496756047077e-16,1.0,0.9247259,0.0,1.0
9.521484375,0.9070181564518347,7.724520195333208e-16,1.0,0.9070182,0.0,1.0
9.541015625,0.8901964928231205,1.6777371237993914e-15,1.0,0.89019656,0.0,1.0
9.560546875,0.8744211650911353,1.4965700246875442e-15,0.9999999999999997,0.87442124,0.0,1.0
9.580078125,0.859842498979662,8.80002739862291e-16,0.9999999999999998,0.85984254,0.0,1.0
9.599609375,0.8465994170246915,6.7257639974041835e-16,0.9999999999999998,0.8465994,0.0,1.0
9.619140625,0.8348181147584919,6.241302660364573e-16,0.9999999999999999,0.8348181,0.0,1.0
9.638671875,0.8246108581713605,3.6922968347168375e-16,0.9999999999999999,0.8246108,0.0,1.0
9.658203125,0.8160749139103222,2.686768709000187e-16,0.9999999999999998,0.81607497,0.0,1.0
9.677734375,0.8092916224090515,-4.8791030355594663e-17,0.9999999999999999,0.80929166,0.0,1.0
9.697265625,0.804325622781343,-3.214684363552084e-16,0.9999999999999999,0.80432564,0.0,1.0
9.716796875,0.8012242368642428,-4.475009404968119e-16,0.9999999999999999,0.8012243,0.0,1.0
9.736328125,0.8000170182803843,-3.777301649043276e-16,0.9999999999999998,0.800017,0.0,1.0
9.755859375,0.8007154708165976,-6.520399005964028e-16,0.9999999999999998,0.80071545,0.0,1.0
9.775390625,0.8033129388024012,-5.230320598255818e-16,1.0,0.803313,0.0,1.0
9.794921875,0.8077846705330134,-2.974813912968681e-17,1.0,0.8077847,0.0,1.0
9.814453125,0.8140880541324474,1.0508619854756057e-16,1.0,0.81408805,0.0,1.0
9.833984375,0.8221630236091884,-2.372076093370244e-16,1.0000000000000002,0.82216305,0.0,1.0
9.853515625,0.831932631235004,-2.1902179831760113e-16,1.0000000000000002,0.8319326,0.0,1.0
9.873046875,0.8433037807926747,6.453812588916137e-17,1.0000000000000002,0.84330386,0.0,1.0
9.892578125,0.8561681147053317,3.0738668099829934e-16,1.0000000000000002,0.8561681,0.0,1.0
9.912109375,0.8704030465938501,-2.450466990653281e-16,0.9999999999999999,0.8704031,0.0,1.0
9.931640625,0.8858729294228498,-4.876145174868349e-16,1.0,0.8858729,0.0,1.0
9.951171875,0.9024303481038835,-5.235673194853536e-16,0.9999999999999999,0.90243036,0.0,1.0
9.970703125,0.9199175242383494,-1.3018056156482957e-15,0.9999999999999999,0.9199176,0.0,1.0
9.990234375,0.9381678196141149,-1.6826970796128297e-15,1.0,0.93816787,0.0,1.0
